month;scope;region_key;title
2023-07;national;;Повышение ключевой ставки до 8.5%
2023-08;national;;Внеплановое повышение ключевой ставки до 12%
2023-09;national;;Повышение ключевой ставки до 13%
2023-10;national;;Повышение ключевой ставки до 15%
2023-12;national;;Повышение ключевой ставки до 16%
2024-03;regional;москва;Теракт в Крокус Сити Холле
2024-04;regional;оренбург;Прорыв дамбы в Орске и паводок на Урале
2024-04;regional;курган;Паводок
2024-04;regional;тюмен;Паводок
2024-05;regional;оренбург;Продолжение паводка
2024-05;regional;курган;Продолжение паводка
2024-07;national;;Повышение ключевой ставки до 18%
2024-09;national;;Повышение ключевой ставки до 19%
2024-10;national;;Повышение ключевой ставки до 21%
